{
  "fastestStateTimeMap": {
    "NEW_VIEW": 0.0,
    "PREPARE": 15.882387908556153,
    "PRE_COMMIT": 11.9429870500268,
    "COMMIT": 9.55480648750459,
    "DECIDE": 6.015631695549014
  },
  "remainderStateTimeMap": {
    "NEW_VIEW": 0.0,
    "PREPARE": 15.853027258468767,
    "PRE_COMMIT": 11.964677087160398,
    "COMMIT": 9.588255733332437,
    "DECIDE": 6.115682943018944
  },
  "fastestMessageCountMap": {
    "PREPARE": 5.642138877564887,
    "PRE_COMMIT": 4.506789871812293,
    "COMMIT": 3.4786157539520763,
    "DECIDE": 1.0389817457082031,
    "NEW_VIEW": 2.8220365085835937
  },
  "remainderMessageCountMap": {
    "PREPARE": 5.658414951029382,
    "PRE_COMMIT": 4.52467519488307,
    "COMMIT": 3.4886468119128526,
    "DECIDE": 1.0420147911253248,
    "NEW_VIEW": 2.829972016789926
  },
  "fastestRoundChangeStateCountMap": {},
  "remainderRoundChangeStateCountMap": {},
  "fastestRoundStateTimeMap": {
    "1": {
      "NEW_VIEW": 0.0,
      "PREPARE": 3.909166891538288,
      "PRE_COMMIT": 2.1208762082594697,
      "COMMIT": 0.12082383635949058,
      "DECIDE": 0.001195687336541844
    },
    "2": {
      "NEW_VIEW": 0.0,
      "PREPARE": 6.551516975896113,
      "PRE_COMMIT": 5.355465629462609,
      "COMMIT": 4.897432174232633,
      "DECIDE": 1.2231838700081092
    },
    "3": {
      "NEW_VIEW": 0.0,
      "PREPARE": 5.420380514397403,
      "PRE_COMMIT": 4.466189790049885,
      "COMMIT": 4.512954385159787,
      "DECIDE": 4.483326554971147
    },
    "4": {
      "NEW_VIEW": 0.0,
      "PREPARE": 0.0013235267243297297,
      "PRE_COMMIT": 4.554222548542295E-4,
      "COMMIT": 0.023596091752686673,
      "DECIDE": 0.307925583233207
    }
  },
  "remainderRoundStateTimeMap": {
    "1": {
      "NEW_VIEW": 0.0,
      "PREPARE": 3.894306673473836,
      "PRE_COMMIT": 2.132900514611413,
      "COMMIT": 0.1387001848461656,
      "DECIDE": 0.0016830439226949514
    },
    "2": {
      "NEW_VIEW": 0.0,
      "PREPARE": 6.535923936945432,
      "PRE_COMMIT": 5.343627923378313,
      "COMMIT": 4.8911556278651425,
      "DECIDE": 1.2576331676109422
    },
    "3": {
      "NEW_VIEW": 0.0,
      "PREPARE": 5.4215876548520345,
      "PRE_COMMIT": 4.487752588726804,
      "COMMIT": 4.531833021147408,
      "DECIDE": 4.4782005119937365
    },
    "4": {
      "NEW_VIEW": 0.0,
      "PREPARE": 0.0012089931973941188,
      "PRE_COMMIT": 3.960604438352731E-4,
      "COMMIT": 0.026566899473731687,
      "DECIDE": 0.3781662194915821
    }
  },
  "t_total_fastest": 43.39581314163666,
  "t_total_remainder": 43.521643021980466,
  "L_fastest": 0.9017340157786916,
  "L_remainder": 0.9028713657384696,
  "W_fastest": 2.2375309924327063,
  "W_remainder": 2.239799617139364,
  "lambda_fastest": 0.4030023016721246,
  "lambda_remainder": 0.40310363428475016
}